{"cameraMode":{"drawMode":0,"name":"Shaded","section":"Shading Mode"},"sceneLighting":true,"audioPlay":false,"sceneViewState":{"m_AlwaysRefresh":false,"showFog":true,"showSkybox":true,"showFlares":true,"showImageEffects":true,"showParticleSystems":true,"showVisualEffectGraphs":true,"m_FxEnabled":true},"in2DMode":false,"pivot":{"x":25.724075317382814,"y":-128.97866821289063,"z":-163.82009887695313},"rotation":{"x":0.09560208767652512,"y":-0.8805970549583435,"z":0.41823285818099978,"w":0.20128333568572999},"size":292.13079833984377,"orthographic":false}