{"cameraMode":{"drawMode":0,"name":"Shaded","section":"Shading Mode"},"sceneLighting":false,"audioPlay":false,"sceneViewState":{"m_AlwaysRefresh":false,"showFog":true,"showSkybox":false,"showFlares":true,"showImageEffects":true,"showParticleSystems":true,"showVisualEffectGraphs":true,"m_FxEnabled":true},"in2DMode":false,"pivot":{"x":36.21635818481445,"y":4.746688365936279,"z":-24.66864585876465},"rotation":{"x":-0.21079683303833009,"y":0.010840699076652527,"z":-0.0023588240146636965,"w":-0.9774942994117737},"size":2.0446064472198488,"orthographic":false}