{"cameraMode":{"drawMode":0,"name":"Shaded","section":"Shading Mode"},"sceneLighting":false,"audioPlay":false,"sceneViewState":{"m_AlwaysRefresh":false,"showFog":true,"showSkybox":false,"showFlares":true,"showImageEffects":true,"showParticleSystems":true,"showVisualEffectGraphs":true,"m_FxEnabled":true},"in2DMode":false,"pivot":{"x":28.776714324951173,"y":4.57951021194458,"z":-25.022735595703126},"rotation":{"x":-0.21079683303833009,"y":0.010840699076652527,"z":-0.0023588240146636965,"w":-0.9774942994117737},"size":1.4049140214920045,"orthographic":false}